country,country_code,new_code,latitude,longitude,indicator_name,1997,1998,1999,2000,2001,2002,2003,2004,2005,2006,2007,2008,2009,2010,2011,2012,2013,2014,2015,2016,2017,2018,2019
Albania,ALB,AL,41.153332,20.168331,parliament,,,5.161290323,5.161290323,5.714285714,5.714285714,5.714285714,6.428571429,7.142857143,7.142857143,7.142857143,7.142857143,16.42857143,16.42857143,15.71428571,15.71428571,17.85714286,20,20.71428571,22.85714286,27.85714286,27.85714286,29.50819672
Algeria,DZA,DZ,28.033886,1.659626,parliament,3.157894737,3.157894737,3.157894737,3.421052632,3.421052632,6.16966581,6.16966581,6.16966581,6.16966581,6.16966581,7.712082262,7.712082262,7.712082262,7.712082262,7.969151671,31.6017316,31.6017316,31.6017316,31.6017316,31.6017316,25.75757576,25.75757576,25.75757576
Andorra,AND,AD,42.546245,1.601554,parliament,7.142857143,7.142857143,7.142857143,7.142857143,14.28571429,14.28571429,14.28571429,14.28571429,28.57142857,28.57142857,28.57142857,25,35.71428571,35.71428571,50,50,50,50,39.28571429,32.14285714,32.14285714,32.14285714,46.42857143
Angola,AGO,AO,-11.202692,17.873887,parliament,9.545454545,15.45454545,15.45454545,15.45454545,15.45454545,15.45454545,15.45454545,15,15,15,15,37.27272727,38.63636364,38.63636364,38.18181818,34.09090909,34.09090909,36.81818182,36.81818182,36.81818182,30.45454545,30.45454545,30
Antigua and Barbuda,ATG,AG,17.060816,-61.796428,parliament,5.263157895,5.263157895,,5.263157895,5.263157895,5.263157895,5.263157895,10.52631579,10.52631579,10.52631579,10.52631579,10.52631579,10.52631579,10.52631579,10.52631579,10.52631579,10.52631579,11.11111111,11.11111111,11.11111111,11.11111111,11.11111111,11.11111111
Arab World,ARB,#N/A,#N/A,#N/A,parliament,3.747161242,3.457446809,3.616775683,3.770681031,4.621264767,6.130931763,6.048109966,6.693043192,7.036766496,9.349593496,9.75376524,9.801577815,9.902309059,11.91967178,11.32850241,14.87204249,17.3693086,17.79340184,18.77984085,19.27561399,18.88402121,19.06077348,17.56653992
Argentina,ARG,AR,-38.416097,-63.616672,parliament,27.62645914,27.62645914,,26.45914397,,30.73929961,30.73929961,33.7254902,36.18677043,35.01945525,40,40,38.52140078,38.52140078,37.3540856,37.3540856,36.57587549,36.57587549,,35.79766537,38.13229572,38.91050584,40.15748032
Armenia,ARM,AM,40.069099,45.038189,parliament,6.315789474,6.315789474,3.053435115,3.053435115,3.053435115,3.053435115,4.580152672,5.34351145,5.34351145,5.34351145,9.160305344,8.396946565,9.160305344,9.160305344,8.396946565,10.6870229,10.6870229,10.6870229,10.6870229,10.6870229,18.0952381,18.0952381,23.48484848
Australia,AUS,AU,-25.274398,133.775136,parliament,15.54054054,15.54054054,22.44897959,22.97297297,,25.33333333,25.33333333,24.66666667,24.66666667,24.66666667,26.66666667,26.66666667,27.33333333,24.66666667,24.66666667,24.66666667,26,26,26.66666667,28.66666667,28.66666667,28.66666667,30.46357616
Austria,AUT,AT,47.516231,14.550072,parliament,26.2295082,26.2295082,,26.77595628,26.77595628,,33.87978142,33.87978142,33.87978142,32.24043716,32.78688525,27.32240437,27.86885246,27.86885246,27.86885246,27.86885246,33.33333333,32.24043716,30.6010929,30.6010929,34.42622951,34.42622951,39.3442623
Azerbaijan,AZE,AZ,40.143105,47.576927,parliament,12,12,12,,10.48387097,10.48387097,10.48387097,10.48387097,13.04347826,11.29032258,11.38211382,11.38211382,11.38211382,16,16,16,15.57377049,15.57377049,16.93548387,16.8,16.8,16.8,16.80672269
"Bahamas, The",BHS,#N/A,#N/A,#N/A,parliament,15,15,15,15,15,,20,20,20,20,12.19512195,12.19512195,12.19512195,12.19512195,12.19512195,13.15789474,13.15789474,13.15789474,13.15789474,13.15789474,12.82051282,12.82051282,12.82051282
Bangladesh,BGD,BD,23.684994,90.356331,parliament,9.090909091,9.090909091,9.090909091,9.090909091,,2,2,2,14.7826087,15.07246377,,6.333333333,18.55072464,18.55072464,19.71428571,19.71428571,19.71428571,19.82758621,20,20,20.28571429,20.28571429,20.63037249
Barbados,BRB,BB,13.193887,-59.543198,parliament,10.71428571,10.71428571,10.71428571,10.71428571,10.71428571,10.71428571,13.33333333,13.33333333,13.33333333,13.33333333,13.33333333,10,10,10,10,10,16.66666667,16.66666667,16.66666667,16.66666667,16.66666667,20,20
Belgium,BEL,BE,50.503887,4.469936,parliament,12.66666667,12.66666667,23.33333333,23.33333333,23.33333333,23.33333333,35.33333333,34.66666667,34.66666667,34.66666667,35.33333333,35.33333333,38,39.33333333,38,38,38,39.33333333,39.33333333,39.33333333,38,38,42
Belize,BLZ,BZ,17.189877,-88.49765,parliament,3.448275862,3.448275862,6.896551724,6.896551724,6.896551724,6.896551724,3.333333333,6.666666667,6.666666667,6.666666667,3.333333333,0,0,0,0,3.125,3.125,3.125,3.125,3.125,9.375,9.375,9.375
Benin,BEN,BJ,9.30769,2.315834,parliament,7.228915663,7.228915663,6.024096386,6.024096386,6.024096386,6.024096386,6.024096386,7.228915663,7.228915663,7.228915663,10.84337349,10.84337349,10.84337349,10.84337349,8.43373494,8.43373494,8.43373494,8.43373494,7.228915663,7.228915663,7.228915663,7.228915663,7.228915663
Bhutan,BTN,BT,27.514162,90.433601,parliament,2,2,2,9.333333333,9.333333333,9.333333333,9.333333333,9.210526316,9.333333333,2.666666667,2.666666667,8.510638298,8.510638298,8.510638298,8.510638298,8.510638298,6.382978723,8.510638298,8.510638298,8.510638298,8.510638298,14.89361702,14.89361702
Bolivia,BOL,BO,-16.290154,-63.588653,parliament,,,11.53846154,11.53846154,11.53846154,18.46153846,18.46153846,19.23076923,16.92307692,16.92307692,16.92307692,16.92307692,22.30769231,25.38461539,25.38461539,25.38461539,25.38461539,53.07692308,53.07692308,53.07692308,53.07692308,53.07692308,53.07692308
Botswana,BWA,BW,-22.328474,24.684866,parliament,8.510638298,8.510638298,,17.0212766,17.0212766,17.0212766,17.0212766,11.11111111,11.11111111,11.11111111,11.11111111,11.11111111,7.936507936,7.936507936,7.936507936,7.936507936,7.936507936,9.523809524,9.523809524,9.523809524,9.523809524,9.523809524,10.76923077
Brazil,BRA,BR,-14.235004,-51.92528,parliament,6.627680312,6.627680312,5.653021442,5.653021442,6.822612086,6.237816764,8.576998051,8.576998051,8.576998051,8.771929825,8.966861598,8.966861598,8.771929825,8.576998051,8.576998051,8.576998051,8.576998051,9.941520468,9.941520468,9.941520468,10.72124756,15.00974659,15.00974659
Bulgaria,BGR,BG,42.733883,25.48583,parliament,10.83333333,10.83333333,10.83333333,10.83333333,26.25,26.25,26.25,26.25,22.08333333,22.08333333,21.66666667,21.66666667,20.83333333,20.83333333,20.83333333,22.91666667,24.58333333,20,20.41666667,20.41666667,23.75,23.75,25.83333333
Burkina Faso,BFA,BF,12.238333,-1.561593,parliament,9.009009009,8.108108108,8.108108108,8.108108108,8.108108108,11.71171171,11.71171171,11.71171171,11.71171171,11.71171171,15.31531532,15.31531532,15.31531532,15.31531532,15.31531532,15.7480315,15.7480315,,9.448818898,9.448818898,11.02362205,11.02362205,13.38582677
Burundi,BDI,BI,-3.373056,29.918886,parliament,,11.86440678,5.982905983,14.40677966,14.40677966,18.43575419,18.43575419,18.43575419,30.50847458,30.50847458,30.50847458,30.50847458,31.3559322,32.0754717,30.47619048,30.47619048,30.47619048,30.47619048,36.36363636,36.36363636,36.36363636,36.36363636,36.36363636
Cabo Verde,CPV,#N/A,#N/A,#N/A,parliament,11.11111111,11.11111111,11.11111111,11.11111111,11.11111111,11.11111111,11.11111111,11.11111111,11.11111111,15.27777778,18.05555556,18.05555556,18.05555556,18.05555556,20.83333333,20.83333333,20.83333333,20.83333333,20.83333333,23.61111111,23.61111111,23.61111111,23.61111111
Cambodia,KHM,KH,12.565679,104.990963,parliament,5.833333333,5.833333333,8.196721312,7.37704918,7.37704918,7.37704918,9.756097561,9.756097561,9.756097561,9.756097561,19.51219512,16.2601626,21.13821138,21.13821138,20.32520325,20.32520325,20.32520325,20.32520325,20.32520325,20.32520325,20.32520325,20,20
Cameroon,CMR,CM,7.369722,12.354722,parliament,5.555555556,5.555555556,5.555555556,5.555555556,5.555555556,8.888888889,8.888888889,8.888888889,8.888888889,8.888888889,13.88888889,13.88888889,13.88888889,13.88888889,13.88888889,13.88888889,31.11111111,31.11111111,31.11111111,31.11111111,31.11111111,31.11111111,31.11111111
Canada,CAN,CA,56.130366,-106.346771,parliament,20.59800664,20.59800664,20.59800664,,20.59800664,20.59800664,20.59800664,21.1038961,21.1038961,20.77922078,21.31147541,22.07792208,22.07792208,22.07792208,24.75570033,24.67532468,24.67532468,25.08143322,26.03550296,26.03550296,26.26865672,26.94610778,28.99408284
Caribbean small states,CSS,#N/A,#N/A,#N/A,parliament,11.57024793,12.02346041,12.9113924,13.22580645,14.61538461,,15.93533487,17.82407407,17.82407407,17.24137931,18.09954751,17.48878924,17.38148984,15.24663677,15.84821429,16.17977528,17.07865168,17.15575621,19.7309417,20.40358744,21.25279642,21.92393736,22.5950783
Central Europe and the Baltics,CEB,#N/A,#N/A,#N/A,parliament,11.48243359,10.96829477,11.48243359,12.96008295,15.56683587,16.11675127,16.26751017,17.14164186,16.72340426,17.09910676,16.84389621,16.81528662,17.07006369,17.02760085,18.43337591,19.26718814,19.21020156,19.70509383,20.11648745,19.89247312,22.30448866,22.72096252,23.69273485
Chad,TCD,TD,15.454166,18.732207,parliament,2.4,2.4,2.4,2.4,2.4,,5.806451613,6.451612903,6.451612903,6.451612903,5.161290323,5.161290323,5.161290323,5.161290323,12.76595745,14.89361702,14.89361702,14.89361702,14.89361702,14.89361702,12.76595745,15.25423729,14.88095238
Chile,CHL,CL,-35.675147,-71.542969,parliament,7.5,10.83333333,10.83333333,10.83333333,10.83333333,12.5,12.5,12.5,15,15,15,15,14.16666667,14.16666667,14.16666667,14.16666667,15.83333333,15.83333333,15.83333333,15.83333333,,22.58064516,22.58064516
China,CHN,CN,35.86166,104.195397,parliament,,21.81940248,21.81940248,21.78284182,21.78284182,21.78284182,20.23450586,20.23450586,20.26845638,20.26845638,20.62099224,21.3257449,21.3257449,21.3257449,21.32303559,21.32303559,23.40140609,23.40140609,23.62284556,23.62284556,24.24760602,24.89932886,24.94117647
Colombia,COL,CO,4.570868,-74.297333,parliament,11.65644172,,11.80124224,11.80124224,11.80124224,12.04819277,12.04819277,12.04819277,12.12121212,8.43373494,8.43373494,8.43373494,8.43373494,12.65060241,12.12121212,12.12121212,12.12121212,19.87951807,19.87951807,19.87951807,18.6746988,18.12865497,18.71345029
"Congo, Rep.",COG,#N/A,#N/A,#N/A,parliament,,12,12,12,12,,8.527131783,8.527131783,8.527131783,8.527131783,7.299270073,7.299270073,7.299270073,7.299270073,7.299270073,7.352941177,7.352941177,7.352941177,7.352941177,7.352941177,11.25827815,11.25827815,11.25827815
Costa Rica,CRI,CR,9.748917,-83.753428,parliament,15.78947368,19.29824561,19.29824561,19.29824561,19.29824561,35.0877193,35.0877193,35.0877193,35.0877193,38.59649123,36.84210526,36.84210526,36.84210526,38.59649123,38.59649123,38.59649123,38.59649123,33.33333333,33.33333333,33.33333333,35.0877193,45.61403509,45.61403509
Cote d'Ivoire,CIV,#N/A,#N/A,#N/A,parliament,8,8,8,,8.520179372,8.520179372,8.520179372,8.520179372,8.520179372,8.520179372,8.866995074,8.866995074,8.866995074,8.866995074,11.02362205,10.44176707,10.44176707,9.448818898,9.163346614,9.163346614,10.58823529,10.58823529,10.98039216
Croatia,HRV,HR,45.1,15.2,parliament,7.874015748,7.874015748,7.874015748,20.52980133,20.52980133,20.52980133,,21.71052632,21.71052632,21.71052632,20.91503268,20.91503268,23.52941177,23.52941177,23.8410596,23.8410596,23.8410596,23.8410596,15.23178808,12.58278146,18.54304636,18.54304636,20.52980133
Cuba,CUB,CU,21.521757,-77.781167,parliament,22.75042445,27.62063228,27.62063228,27.62063228,27.62063228,27.62063228,35.96059113,35.96059113,35.96059113,35.96059113,35.96059113,43.15960912,43.15960912,43.15960912,45.221843,45.221843,48.85620915,48.85620915,48.85620915,48.85620915,48.85620915,53.2231405,53.2231405
Cyprus,CYP,CY,35.126413,33.429859,parliament,5.357142857,5.357142857,5.357142857,7.142857143,10.71428571,10.71428571,10.71428571,16.07142857,16.07142857,14.28571429,14.28571429,14.28571429,12.5,12.5,10.71428571,10.71428571,10.71428571,12.5,12.5,17.85714286,17.85714286,17.85714286,17.85714286
Czech Republic,CZE,CZ,49.817492,15.472962,parliament,15,15,15,15,15,17,17,17,17,15.5,15.5,15.5,15.5,22,22,22,19.5,19.5,20,20,22,22,22.5
Denmark,DNK,DK,56.26392,9.501785,parliament,32.96089386,37.4301676,37.4301676,37.4301676,,37.98882682,37.98882682,37.98882682,36.87150838,36.87150838,37.98882682,37.98882682,37.98882682,37.98882682,39.10614525,39.10614525,39.10614525,39.10614525,37.4301676,37.4301676,37.4301676,37.4301676,39.10614525
Djibouti,DJI,DJ,11.825138,42.590275,parliament,,0,0,0,0,0,10.76923077,10.76923077,10.76923077,10.76923077,13.84615385,13.84615385,13.84615385,13.84615385,13.84615385,13.84615385,12.72727273,12.72727273,12.72727273,12.72727273,10.76923077,26.15384615,26.15384615
Dominica,DMA,DM,15.414999,-61.370976,parliament,9.375,9.375,9.375,,18.75,18.75,18.75,19.35483871,12.90322581,12.90322581,16.12903226,18.75,14.28571429,12.5,12.5,12.5,12.5,12.90322581,21.875,21.875,25,25,25
Dominican Republic,DOM,DO,18.735693,-70.162651,parliament,11.66666667,16.10738255,16.10738255,16.10738255,16.10738255,17.33333333,17.33333333,17.33333333,17.33333333,19.66292135,19.66292135,19.66292135,19.66292135,20.76502732,20.76502732,20.76502732,20.76502732,20.76502732,20.76502732,26.84210526,26.84210526,26.84210526,26.84210526
Early-demographic dividend,EAR,#N/A,#N/A,#N/A,parliament,8.331444117,8.843106181,8.808977917,9.673024523,9.521619135,11.08855048,11.2659116,12.14594807,12.88688283,13.43156702,14.72120394,15.5450937,16.98824374,17.42120843,17.55779702,19.2942011,20.06927073,21.07317959,22.16251274,22.34532129,22.30537634,22.78959395,22.94855167
East Asia & Pacific,EAS,#N/A,#N/A,#N/A,parliament,,16.04683196,16.84560714,16.35759756,16.55372701,17.21675872,16.06960082,16.62534256,16.90890215,17.28579176,17.75023078,17.9584866,18.33398718,17.76942356,17.69867754,17.85670395,18.82742549,18.59551274,19.28737413,19.42618807,19.81060606,20.23570712,20.50381495
East Asia & Pacific (excluding high income),EAP,#N/A,#N/A,#N/A,parliament,,17.59670782,18.59778598,17.32283465,17.6150024,18.21366025,16.8594462,17.19087265,17.29473039,17.65748349,18.03278689,18.29628478,18.5528757,17.93853845,17.9268469,18.23673235,19.31687715,19.06324582,19.76266545,19.86863711,20.12803335,20.62601506,20.85637318
East Asia & Pacific (IDA & IBRD countries),TEA,#N/A,#N/A,#N/A,parliament,,17.17078569,18.250472,16.92165899,17.2037236,17.87491116,16.81230339,16.74952854,16.86808511,17.24882967,17.68080668,17.97577855,18.79621668,18.10344828,18.08748404,18.42857143,19.63267891,19.28288169,20.06417835,20.20836779,20.51112943,21.05865055,21.15294485
Ecuador,ECU,EC,-1.831239,-78.183406,parliament,3.658536585,17.3553719,17.3553719,14.63414634,14.63414634,,16,16,16,25,25,25,32.25806452,32.25806452,32.25806452,32.25806452,38.68613139,41.60583942,41.60583942,41.60583942,37.95620438,37.95620438,37.95620438
"Egypt, Arab Rep.",EGY,#N/A,#N/A,#N/A,parliament,1.982378855,1.982378855,1.982378855,1.982378855,2.422907489,2.422907489,2.422907489,2.863436123,1.982378855,2.036199095,1.809954751,1.809954751,1.762114537,12.6953125,1.968503937,1.968503937,,,,14.93288591,14.93288591,14.93288591,14.93288591
El Salvador,SLV,SV,13.794185,-88.89653,parliament,15.47619048,16.66666667,16.66666667,9.523809524,9.523809524,9.523809524,10.71428571,10.71428571,10.71428571,16.66666667,16.66666667,16.66666667,19.04761905,19.04761905,19.04761905,26.19047619,26.19047619,27.38095238,32.14285714,32.14285714,32.14285714,30.95238095,30.95238095
Equatorial Guinea,GNQ,GQ,1.650801,10.267895,parliament,8.75,8.75,5,5,5,5,5,18,18,18,18,6,10,10,10,10,12.12121212,24,24,24,,20,21
Eritrea,ERI,ER,15.179384,39.782334,parliament,20.95238095,20.95238095,14.66666667,14.66666667,14.66666667,22,22,22,22,22,22,22,22,22,22,22,22,22,22,22,22,22,22
Estonia,EST,EE,58.595272,25.013607,parliament,10.89108911,10.89108911,17.82178218,17.82178218,17.82178218,17.82178218,18.81188119,18.81188119,18.81188119,18.81188119,20.79207921,20.79207921,22.77227723,22.77227723,19.8019802,20.79207921,20.79207921,19,23.76237624,23.76237624,26.73267327,26.73267327,29.7029703
Eswatini,SWZ,#N/A,#N/A,#N/A,parliament,3.125,3.125,3.076923077,3.076923077,3.076923077,3.076923077,10.76923077,10.76923077,10.76923077,10.76923077,10.76923077,13.84615385,13.63636364,13.63636364,13.63636364,13.63636364,6.153846154,6.153846154,6.153846154,6.153846154,6.153846154,7.246376812,7.246376812
Ethiopia,ETH,ET,9.145,40.489673,parliament,2.048417132,2.048417132,2.025782689,7.692307692,7.678244973,7.678244973,7.678244973,7.678244973,21.42857143,21.92816635,21.92816635,21.92816635,21.92816635,27.78793419,27.78793419,27.78793419,27.78793419,27.78793419,38.75685558,38.75685558,38.75685558,38.75685558,38.75685558
Euro area,EMU,#N/A,#N/A,#N/A,parliament,16.86884871,17.02906844,18.28188562,19.3314633,19.12943872,19.08230153,20.69045953,21.70504655,22.16014898,23.03944316,24.65213358,24.9594438,25.46253469,25.32377428,26.04672681,27.42420736,29.96539792,30.11075219,30.19607843,30.32123873,31.21308496,31.97000682,33.37119491
Europe & Central Asia,ECS,#N/A,#N/A,#N/A,parliament,14.5112782,15.15962721,16.05557297,16.56228253,16.53758972,18.33526743,17.76365706,18.81245755,19.16161999,19.53296703,21.00993528,21.34883292,21.8946219,21.99346998,22.70417423,23.75078779,24.79762547,25.34849597,25.74311927,26.00587911,27.38478521,27.9538377,29.45594431
Europe & Central Asia (excluding high income),ECA,#N/A,#N/A,#N/A,parliament,6.270305393,6.77496038,,7.302790217,8.933626927,,9.248191255,10.86739781,10.79582518,11.51924772,14.31054461,14.50105517,15.35125759,15.43528064,16.22317597,17.8469446,18.10122963,18.55581128,18.51638873,19.09012381,20.37681159,20.78330475,22.70517586
Europe & Central Asia (IDA & IBRD countries),TEC,#N/A,#N/A,#N/A,parliament,7.185628743,7.701215982,,8.622652248,10.7617896,12.83543485,10.64257028,12.42094612,12.34721876,12.79337322,14.81228669,15.10318949,15.81933727,15.8819554,16.8845807,18.2320442,18.42920354,18.86960392,18.88641425,19.2419175,21.13895216,21.4511041,23.1913455
European Union,EUU,#N/A,#N/A,#N/A,parliament,17.01488051,17.05997295,17.99473929,19.57392279,19.55049261,20.28309224,21.37759851,22.07242515,22.17839806,22.88481913,23.876532,24.15356711,24.46792453,24.37735849,25.11332729,26.03762317,27.681764,28.24052769,28.26654384,28.2859339,29.7895222,30.51628765,31.81748348
Finland,FIN,FI,61.92411,25.748151,parliament,33.5,33.5,37,36.5,36.5,36.5,37.5,37.5,37.5,38,41.5,41.5,40,40,42.5,42.5,42.5,42.5,41.5,41.5,42,42,47
France,FRA,FR,46.227638,2.213749,parliament,10.91854419,10.91854419,10.91854419,10.91854419,10.91854419,12.13171577,12.19512195,12.19512195,12.19512195,12.19512195,18.19757366,18.19757366,18.89081456,18.89081456,18.89081456,26.86308492,26.86308492,26.16984402,26.16984402,26.16984402,38.99480069,39.58333333,39.68804159
Gabon,GAB,GA,-0.803689,11.609444,parliament,8.333333333,8.333333333,8.333333333,9.166666667,9.166666667,9.243697479,9.243697479,9.243697479,9.243697479,12.5,16.66666667,16.66666667,14.65517241,14.65517241,14.16666667,15.78947368,15.78947368,15,14.16666667,14.16666667,17.09401709,,17.91044776
"Gambia, The",GMB,#N/A,#N/A,#N/A,parliament,2.040816327,2.040816327,2.040816327,2.040816327,2.040816327,5.660377359,13.20754717,13.20754717,13.20754717,13.20754717,9.433962264,9.433962264,7.547169811,7.547169811,7.547169811,7.547169811,7.547169811,9.433962264,9.433962264,9.433962264,10.34482759,10.34482759,10.34482759
Georgia,GEO,GE,42.315407,43.356892,parliament,6.926406926,6.926406926,,7.234042553,7.234042553,7.234042553,7.234042553,9.361702128,9.361702128,9.361702128,9.361702128,6,5.109489051,6.52173913,6.569343066,12,12,12,11.33333333,16,16,16,14.76510067
Germany,DEU,DE,51.165691,10.451526,parliament,26.19047619,26.19047619,30.94170404,30.94170404,31.08108108,32.17247098,32.17247098,32.75,31.75895766,31.59609121,31.64763458,32.18954248,32.79742765,32.79742765,32.90322581,32.90322581,36.45007924,36.45007924,36.45007924,36.45007924,30.74753174,30.74753174,30.88857546
Ghana,GHA,GH,7.946527,-1.023194,parliament,9,9,9,,9,9,9,10.86956522,10.86956522,10.86956522,10.86956522,7.894736842,8.260869565,8.260869565,8.260869565,,10.90909091,10.90909091,10.90909091,10.90909091,12.72727273,12.72727273,13.09090909
Greece,GRC,GR,39.074208,21.824312,parliament,6.333333333,6.333333333,6.333333333,8.666666667,8.666666667,8.666666667,8.666666667,14,13,13,14.66666667,14.66666667,17.33333333,17.33333333,18.66666667,21,21,21,19.66666667,19.66666667,18.33333333,18.66666667,20.66666667
Grenada,GRD,GD,12.262776,-61.604171,parliament,20,20,,26.66666667,26.66666667,26.66666667,26.66666667,26.66666667,26.66666667,26.66666667,26.66666667,13.33333333,13.33333333,13.33333333,13.33333333,13.33333333,33.33333333,33.33333333,33.33333333,33.33333333,33.33333333,46.66666667,46.66666667
Guatemala,GTM,GT,15.783471,-90.230759,parliament,12.5,12.5,7.079646018,8.849557522,8.849557522,8.849557522,8.227848101,8.227848101,8.227848101,8.227848101,12.02531646,12.02531646,12.02531646,12.02531646,13.29113924,13.29113924,13.29113924,13.29113924,13.92405063,13.92405063,12.65822785,12.65822785,19.375
Guinea-Bissau,GNB,GW,11.803749,-15.180413,parliament,10,10,,7.843137255,7.843137255,7.843137255,,14,14,14,14,10,10,10,10,14,14,13.7254902,13.7254902,13.7254902,13.7254902,13.7254902,13.7254902
Guyana,GUY,GY,4.860416,-58.93018,parliament,,,18.46153846,18.46153846,18.46153846,20,20,30.76923077,30.76923077,28.98550725,28.98550725,30,30,30,31.34328358,31.34328358,31.34328358,31.34328358,30.43478261,30.43478261,31.88405797,31.88405797,31.88405797
Haiti,HTI,HT,18.971187,-72.285215,parliament,3.614457831,3.614457831,3.614457831,,3.614457831,3.614457831,3.614457831,3.614457831,3.614457831,2.040816327,4.081632653,4.081632653,4.081632653,11.11111111,4.210526316,4.210526316,4.210526316,4.210526316,4.210526316,0,2.542372881,2.542372881,2.542372881
Heavily indebted poor countries (HIPC),HPC,#N/A,#N/A,#N/A,parliament,8.939566705,9.340300457,9.119345525,,11.91574724,13.51529826,13.52134441,14.05745368,16.89596537,17.11205588,17.63447433,17.59216052,17.7140255,18.31363278,20.35370773,21.49832164,22.10526316,22.15019763,23.84955752,24.02894698,24.30931359,24.05026723,24.12261217
High income,HIC,#N/A,#N/A,#N/A,parliament,15.80996885,15.89738607,16.87431476,,17.77286876,18.41631674,18.9175964,19.45200156,20.05319654,20.55365946,21.35500331,21.56881254,22.08588957,22.18133786,22.75777337,23.27303402,24.68650571,25.21946565,25.80184639,25.84814217,27.1453254,27.79301864,28.97125567
Honduras,HND,HN,15.199999,-86.241905,parliament,,9.375,9.375,9.375,9.375,5.46875,5.46875,5.46875,23.4375,23.4375,23.4375,23.4375,17.96875,17.96875,19.53125,19.53125,,25.78125,25.78125,25.78125,,21.09375,21.09375
Hungary,HUN,HU,47.162494,19.503304,parliament,11.39896373,8.29015544,8.29015544,8.29015544,8.29015544,9.067357513,9.844559585,9.090909091,9.090909091,10.3626943,11.13989637,11.13989637,11.13989637,9.067357513,8.808290155,8.808290155,8.808290155,10.05025126,10.1010101,10.1010101,10.05025126,12.56281407,12.56281407
IBRD only,IBD,#N/A,#N/A,#N/A,parliament,9.285892427,12.67576076,12.58756729,12.70285395,13.11150723,14.45458316,13.96502219,14.87550813,14.46870806,15.15776699,15.9213201,16.35477466,17.3006062,17.64324452,17.95952783,19.27703739,20.39393939,21.00908299,21.27672956,21.75419729,22.29051299,22.98147815,23.54283708
Iceland,ISL,IS,64.963051,-19.020835,parliament,25.3968254,25.3968254,34.92063492,34.92063492,34.92063492,34.92063492,30.15873016,30.15873016,33.33333333,33.33333333,33.33333333,33.33333333,42.85714286,42.85714286,39.68253968,39.68253968,39.68253968,39.68253968,41.26984127,47.61904762,38.0952381,38.0952381,38.0952381
IDA & IBRD total,IBT,#N/A,#N/A,#N/A,parliament,8.707013693,10.94286747,11.02540166,11.43377375,11.9902405,13.27031125,13.04527771,13.83278441,14.50517098,15.00206588,15.91396232,16.49944259,17.24427565,17.41585233,18.18508923,19.28621908,19.99118036,20.4162103,21.1163465,21.45407449,21.8621778,22.19283397,22.53555579
IDA only,IDX,#N/A,#N/A,#N/A,parliament,8.110918544,8.08411215,7.962328767,9.632378933,,11.25935568,11.68658699,12.23595058,15.12851897,15.27141134,16.52779505,17.44726493,17.88448156,17.77981441,19.43814155,20.31914894,19.48414082,19.7336826,21.43307418,21.56537944,21.7724841,21.51738672,21.53862615
IDA total,IDA,#N/A,#N/A,#N/A,parliament,7.72695285,7.778771235,,,,11.11809045,11.45055442,12.09685947,14.56435644,14.74908804,15.90148982,16.73306773,17.15449465,17.05419089,18.51984269,19.2999471,19.3707991,19.57405444,20.89820359,21.02949877,21.27958947,21.06570719,21.04258826
India,IND,IN,20.593684,78.96288,parliament,7.155963303,8.103130755,8.440366973,9.007352941,8.839779005,8.839779005,8.839779005,8.256880734,8.287292818,8.256880734,9.057301294,9.057301294,10.82568807,10.82568807,11.00917431,11.00917431,11.00917431,11.41804788,11.97053407,11.97053407,11.80811808,11.80811808,14.39114391
Indonesia,IDN,ID,-0.789275,113.921327,parliament,11.4,11.4,,8,8,8,8,11.27272727,11.27272727,11.27272727,11.63636364,11.63636364,17.85714286,18.03571429,18.21428571,18.57142857,18.57142857,16.93693694,17.11711712,17.11711712,19.82142857,19.82142857,17.39130435
"Iran, Islamic Rep.",IRN,#N/A,#N/A,#N/A,parliament,4.887218045,4.887218045,4.887218045,3.448275862,3.448275862,4.137931035,4.137931035,4.137931035,4.137931035,4.137931035,4.137931035,2.797202797,2.75862069,2.75862069,2.75862069,3.103448276,3.103448276,3.103448276,3.103448276,5.882352941,5.882352941,5.882352941,5.882352941
Iraq,IRQ,IQ,33.223191,43.679291,parliament,6.4,6.4,6.4,7.6,7.6,7.6,,,,25.45454545,25.45454545,25.45454545,25.45454545,25.23076923,25.23076923,25.23076923,25.23076923,25.30487805,26.52439024,26.52439024,25.30487805,25.22796353,25.22796353
Ireland,IRL,IE,53.41291,-8.24389,parliament,12.04819277,12.04819277,12.04819277,12.04819277,12.04819277,13.25301205,13.25301205,13.25301205,13.25301205,13.25301205,13.25301205,13.25301205,13.93939394,13.93939394,15.06024096,15.06024096,15.6626506,15.6626506,16.26506024,22.15189873,22.15189873,22.15189873,22.15189873
Israel,ISR,IL,31.046051,34.851612,parliament,7.5,7.5,11.66666667,12.5,13.33333333,14.16666667,15,15,15,14.16666667,14.16666667,14.16666667,18.33333333,19.16666667,20,20,22.5,22.5,26.66666667,26.66666667,27.5,27.5,23.33333333
Italy,ITA,IT,41.87194,12.56738,parliament,11.11111111,11.11111111,11.11111111,11.11111111,9.841269841,9.841269841,11.48867314,11.52597403,11.52597403,17.3015873,17.3015873,21.26984127,21.26984127,21.26984127,21.58730159,21.42857143,31.42857143,31.42857143,30.95238095,30.95238095,30.95238095,35.71428571,35.71428571
Jamaica,JAM,JM,18.109581,-77.297508,parliament,11.66666667,13.55932203,13.33333333,13.33333333,13.33333333,,11.66666667,11.66666667,11.66666667,11.66666667,13.33333333,13.33333333,13.33333333,13.33333333,12.6984127,12.6984127,12.6984127,12.6984127,12.6984127,17.46031746,17.46031746,17.46031746,17.46031746
Japan,JPN,JP,36.204824,138.252924,parliament,4.6,4.6,4.6,7.291666667,7.291666667,7.291666667,7.083333333,7.083333333,8.958333333,9.375,9.375,9.375,11.25,11.25,10.83333333,7.916666667,8.125,8.125,9.473684211,9.473684211,10.10752688,10.10752688,10.10752688
Jordan,JOR,JO,30.585164,36.238414,parliament,0,0,0,0,1.25,1.25,5.454545455,5.454545455,5.454545455,5.454545455,6.363636364,6.363636364,6.363636364,10.83333333,10.83333333,10.83333333,12.16216216,12,12,15.38461539,15.38461539,15.38461539,15.38461539
Kazakhstan,KAZ,KZ,48.019573,66.923684,parliament,13.43283582,13.43283582,10.81081081,10.38961039,10.38961039,10.38961039,10.38961039,10.38961039,10.38961039,10.38961039,15.88785047,15.88785047,17.75700935,17.75700935,17.75700935,24.29906542,24.29906542,25.2173913,26.1682243,27.10280374,27.10280374,27.10280374,27.10280374
Kenya,KEN,KE,-0.023559,37.906193,parliament,2.97029703,3.603603604,3.571428571,3.571428571,3.571428571,3.571428571,7.142857143,7.142857143,7.142857143,7.305936073,7.246376812,9.821428571,9.821428571,9.821428571,9.821428571,9.821428571,18.57142857,19.14285714,19.71428571,19.71428571,21.7765043,21.7765043,21.7765043
Kiribati,KIR,KI,-3.370417,-168.734039,parliament,0,0,4.878048781,4.878048781,4.761904762,4.761904762,,4.761904762,4.761904762,7.142857143,4.347826087,4.347826087,4.347826087,4.347826087,8.695652174,8.695652174,8.695652174,8.695652174,8.695652174,6.52173913,6.52173913,6.52173913,6.52173913
"Korea, Dem. People's Rep.",PRK,#N/A,#N/A,#N/A,parliament,20.08733625,20.08733625,20.08733625,20.08733625,20.08733625,20.08733625,,20.08733625,20.08733625,20.08733625,20.08733625,20.08733625,15.57496361,15.57496361,15.57496361,15.57496361,15.57496361,16.30276565,16.30276565,16.30276565,16.30276565,16.30276565,17.61280932
"Korea, Rep.",KOR,#N/A,#N/A,#N/A,parliament,3.010033445,3.678929766,3.678929766,5.860805861,5.860805861,5.860805861,5.860805861,13.04347826,13.37792642,13.37792642,14.3812709,13.71237458,14.71571906,14.71571906,14.71571906,15.66666667,15.66666667,16.33333333,16.33333333,17,17,17,16.66666667
Kuwait,KWT,KW,29.31166,47.481766,parliament,0,0,0,0,0,0,0,0,1.538461539,1.538461539,1.538461539,3.076923077,7.692307692,7.692307692,7.692307692,6.153846154,6.153846154,1.538461539,1.538461539,2,3.076923077,3.076923077,4.615384615
Kyrgyz Republic,KGZ,#N/A,#N/A,#N/A,parliament,1.428571429,1.428571429,1.428571429,2.325581395,10,10,10,10,0,0,25.55555556,25.55555556,25.55555556,23.33333333,23.33333333,23.33333333,23.33333333,23.33333333,19.16666667,19.16666667,19.16666667,19.16666667,19.16666667
Lao PDR,LAO,#N/A,#N/A,#N/A,parliament,,21.21212121,21.21212121,21.21212121,21.21212121,22.93577982,22.93577982,22.93577982,22.93577982,25.2173913,25.2173913,25.2173913,25.2173913,25.2173913,25,25,25,25,25,27.51677852,27.51677852,27.51677852,27.51677852
Late-demographic dividend,LTE,#N/A,#N/A,#N/A,parliament,,14.17306277,14.7490686,14.75821417,15.11237669,15.6899811,15.07978442,15.78637923,16.01638705,16.04085603,16.74550615,17.07873716,17.21615202,17.2508526,17.66031359,18.28507588,18.915147,19.10251524,19.36532212,19.88918609,20.70172028,21.47005617,21.9700493
Latin America & Caribbean,LCN,#N/A,#N/A,#N/A,parliament,13.13213703,15.35487434,14.33519851,15.15742547,14.37483048,16.11816533,18.4690158,19.00946832,20.20863658,20.34060926,21.10685194,22.16112838,22.70128633,23.00606061,23.03464755,24.48589192,25.75128268,27.46077033,27.90110999,28.80113502,29.74051896,31.196083,31.66977612
Latin America & Caribbean (excluding high income),LAC,#N/A,#N/A,#N/A,parliament,13.66574331,16.07142857,14.58272328,15.63966218,14.78981283,16.56583117,19.10447761,19.6089082,20.89552239,21.03429796,21.84400965,23.04812834,23.76395534,24.07809111,24.17289221,25.773746,27.11123258,28.7034592,29.19852733,30.11064278,30.64428804,32.51308901,33.01911495
Latin America & the Caribbean (IDA & IBRD countries),TLA,#N/A,#N/A,#N/A,parliament,11.25455147,12.90650406,11.77042802,12.6369863,11.76275679,14.0247678,15.39580908,16.04651163,17.48475167,17.6790831,18.68918145,18.69639794,19.35667521,19.65116279,19.5861678,21.28684807,21.82830355,23.99319342,24.26918392,25.61284869,26.54042681,27.80082988,28.36192584
Latvia,LVA,LV,56.879635,24.603189,parliament,9,9,17,17,17,18,21,21,21,19,20,20,22,20,23,23,23,18,18,18,16,31,30
Least developed countries: UN classification,LDC,#N/A,#N/A,#N/A,parliament,8.442622951,8.589411329,8.231644261,9.915070116,,11.97627702,12.38846946,12.7539331,15.69119287,15.91719221,17.01067616,18.7686466,19.40337909,19.25838882,20.82360172,21.39753376,20.91089109,21.13821138,23.04743651,23.07964185,22.97968397,22.79287948,22.88197845
Lebanon,LBN,LB,33.854721,35.862285,parliament,2.34375,2.34375,2.34375,2.34375,2.34375,2.34375,2.34375,2.34375,4.6875,4.6875,4.6875,4.6875,3.125,3.125,3.125,3.125,3.125,3.125,3.125,3.125,3.125,4.6875,4.6875
Lesotho,LSO,LS,-29.609988,28.233608,parliament,4.615384615,3.75,3.797468354,3.797468354,3.797468354,,11.66666667,11.66666667,11.66666667,11.66666667,23.52941177,25,24.16666667,24.16666667,24.16666667,26.66666667,26.66666667,26.66666667,25,25,22.13114754,22.13114754,23.33333333
Liberia,LBR,LR,6.428055,-9.429499,parliament,,,,7.8125,7.8125,7.8125,7.8125,5.263157895,12.5,12.5,12.5,12.5,12.5,12.5,9.589041096,10.95890411,10.95890411,10.95890411,10.95890411,10.95890411,9.85915493,12.32876712,12.32876712
Liechtenstein,LIE,LI,47.166,9.555373,parliament,4,4,4,4,12,12,12,12,24,24,24,24,24,24,24,24,20,20,20,20,12,12,12
Lithuania,LTU,LT,55.169438,23.881275,parliament,17.51824818,17.51824818,17.51824818,10.63829787,10.63829787,10.63829787,10.63829787,21.9858156,21.9858156,24.82269504,22.69503546,17.73049645,19.14893617,19.14893617,19.14893617,24.46043166,24.11347518,24.11347518,23.40425532,21.27659575,21.27659575,21.27659575,21.27659575
Low & middle income,LMY,#N/A,#N/A,#N/A,parliament,9.46642812,11.747851,11.86290442,12.07740624,12.4813482,13.75112309,13.55275483,14.43628234,15.04441576,15.54153602,16.47374792,17.20490394,17.83432474,17.9906117,18.70542664,19.79749724,20.62550952,21.01971748,21.7161017,22.06821148,22.2904675,22.71129885,23.02416377
Low income,LIC,#N/A,#N/A,#N/A,parliament,10.35846724,9.953810624,,12.2057753,12.32310037,13.46383385,12.82450675,14.31879583,16.46351931,16.7522245,16.96351375,16.96948315,16.55504036,17.75368457,19.13102055,19.46832219,19.96358219,19.19174248,21.31174089,21.50624899,21.67077682,21.50279776,21.57825802
Lower middle income,LMC,#N/A,#N/A,#N/A,parliament,7.489597781,8.30760595,8.744577007,8.292131657,9.287496534,10.90670171,10.7573452,11.1371081,12.40056154,12.66512167,13.93910561,15.58514209,16.45054945,16.13428944,16.64278403,18.47397885,19.21626871,20.71264847,21.04046243,21.06853856,20.80102091,20.61320284,20.93765586
Luxembourg,LUX,LU,49.815273,6.129583,parliament,20,20,16.66666667,16.66666667,16.66666667,16.66666667,16.66666667,23.33333333,23.33333333,23.33333333,23.33333333,23.33333333,20,20,25,21.66666667,28.33333333,28.33333333,28.33333333,28.33333333,28.33333333,20,25
Madagascar,MDG,MG,-18.766947,46.869107,parliament,3.731343284,,8,8,8,,3.75,6.875,6.875,6.875,7.874015748,7.874015748,,12.5,12.5,17.4863388,17.4863388,20.52980133,20.52980133,20.52980133,19.20529801,19.20529801,15.89403973
Malawi,MWI,MW,-13.254308,34.301525,parliament,5.649717514,5.649717514,8.29015544,9.326424871,9.326424871,9.326424871,9.326424871,13.98963731,13.61256545,13.61256545,12.95336788,12.95336788,20.83333333,20.83333333,22.27979275,22.27979275,22.27979275,16.66666667,16.66666667,16.66666667,16.66666667,16.66666667,22.91666667
Malaysia,MYS,MY,4.210484,101.975766,parliament,7.8125,7.8125,,10.3626943,10.3626943,10.3626943,10.47120419,9.132420091,9.132420091,9.132420091,10.0456621,10.81081081,9.90990991,9.90990991,10.40723982,10.40723982,10.36036036,10.36036036,10.36036036,10.36036036,10.36036036,13.90134529,14.41441441
Maldives,MDV,MV,3.202778,73.22068,parliament,6.25,6.25,,6,6,6,6,6,12,12,12,12,6.493506493,6.493506493,6.493506493,6.493506493,6.493506493,5.882352941,5.882352941,5.882352941,5.882352941,5.882352941,4.597701149
Mali,MLI,ML,17.570692,-3.996166,parliament,12.24489796,12.24489796,12.24489796,12.24489796,12.24489796,10.20408163,10.20408163,10.20408163,10.20408163,10.20408163,10.20408163,10.20408163,10.20408163,10.20408163,10.20408163,10.20408163,,9.523809524,8.843537415,8.843537415,8.843537415,8.843537415,9.523809524
Malta,MLT,MT,35.937496,14.375416,parliament,5.797101449,5.797101449,9.230769231,9.230769231,9.230769231,9.230769231,7.692307692,9.230769231,9.230769231,9.230769231,9.230769231,8.695652174,8.695652174,8.695652174,8.695652174,8.695652174,14.28571429,14.28571429,12.85714286,12.85714286,11.94029851,11.94029851,14.92537313
Marshall Islands,MHL,MH,7.131474,171.184478,parliament,,,,3.03030303,3.03030303,3.03030303,3.03030303,3.03030303,3.03030303,3.03030303,3.03030303,3.03030303,3.03030303,3.03030303,3.03030303,3.03030303,3.03030303,3.03030303,9.090909091,9.090909091,9.090909091,9.090909091,6.060606061
Mauritius,MUS,MU,-20.348404,57.552152,parliament,7.575757576,7.575757576,7.575757576,5.714285714,5.714285714,5.714285714,5.714285714,5.714285714,17.14285714,17.14285714,17.14285714,17.14285714,17.14285714,18.84057971,18.84057971,18.84057971,18.84057971,18.84057971,11.5942029,11.5942029,11.5942029,11.5942029,20
Mexico,MEX,MX,23.634501,-102.552784,parliament,14.2,17.4,18.2,16,16,16,22.6,22.6,24.2,22.6,23.2,23.2,27.6,26.2,26.2,36.8,36.8,37.4,42.36947791,42.4,42.6,48.2,48.2
"Micronesia, Fed. Sts.",FSM,#N/A,#N/A,#N/A,parliament,0,0,0,0,0,0,0,0,0,0,0,0,0,0,0,0,0,0,0,0,0,0,0
Middle East & North Africa,MEA,#N/A,#N/A,#N/A,parliament,4,3.604216253,4.173678896,4.207011686,4.343468092,5.896069287,5.876358696,6.591957812,6.171548117,8.057742782,8.352910467,8.300704777,8.780991736,10.42606516,10.05291005,13.14699793,15.93601896,16.0878599,16.38468388,17.08504098,16.30213632,16.67937961,16.36363636
Middle East & North Africa (excluding high income),MNA,#N/A,#N/A,#N/A,parliament,3.919860627,3.493613824,3.879149571,3.881700554,3.995560488,5.678466077,6.014434643,6.957217113,6.40907697,8.632425743,8.849009901,8.767038414,9.085347201,10.98317095,10.50870147,14.1674333,16.42006496,16.75108538,16.90191821,17.56715967,16.58140235,16.93742479,16.26865672
Middle East & North Africa (IDA & IBRD countries),TMN,#N/A,#N/A,#N/A,parliament,3.919860627,3.493613824,3.879149571,3.881700554,3.995560488,5.678466077,6.014434643,6.957217113,6.40907697,8.632425743,8.849009901,8.767038414,9.085347201,10.98317095,10.50870147,14.1674333,16.42006496,16.75108538,16.90191821,17.56715967,16.58140235,16.93742479,16.26865672
Middle income,MIC,#N/A,#N/A,#N/A,parliament,9.225215589,12.18780087,12.36721391,12.04723062,12.5212994,13.817719,13.69563003,14.46692842,14.64151679,15.1985262,16.33660969,17.26820014,18.18224277,18.05542682,18.58888633,19.89249782,20.81642397,21.50642817,21.83387576,22.22422495,22.47318669,23.05621464,23.41979125
Moldova,MDA,MD,47.411631,28.369885,parliament,4.807692308,,8.910891089,7.920792079,12.87128713,12.87128713,12.87128713,15.84158416,21.78217822,21.78217822,21.78217822,21.78217822,23.76237624,18.81188119,19.8019802,19.8019802,19.8019802,17.82178218,21.78217822,21.78217822,22.77227723,22.77227723,25.74257426
Monaco,MCO,MC,43.750298,7.412841,parliament,5.555555556,22.22222222,22.22222222,22.22222222,22.22222222,22.22222222,20.83333333,20.83333333,20.83333333,20.83333333,20.83333333,25,26.08695652,26.08695652,19.04761905,19.04761905,20.83333333,20.83333333,20.83333333,20.83333333,20.83333333,33.33333333,33.33333333
Mongolia,MNG,MN,46.862496,103.846656,parliament,7.894736842,7.894736842,7.894736842,10.52631579,10.52631579,10.52631579,10.52631579,6.756756757,6.666666667,6.578947368,6.578947368,4.166666667,3.947368421,3.947368421,3.947368421,14.86486487,14.86486487,14.86486487,14.47368421,17.10526316,17.10526316,17.10526316,17.33333333
Morocco,MAR,MA,31.791702,-7.09262,parliament,0.615384615,0.615384615,0.615384615,0.615384615,0.615384615,10.76923077,10.76923077,10.76923077,10.76923077,10.76923077,10.46153846,10.46153846,10.46153846,10.46153846,16.96202532,16.96202532,16.96202532,16.96202532,16.96202532,20.50632911,20.50632911,20.50632911,20.50632911
Mozambique,MOZ,MZ,-18.665695,35.529562,parliament,25.2,25.2,,30,30,30,30,34.8,34.8,34.8,34.8,34.8,39.2,39.2,39.2,39.2,39.2,,39.6,39.6,39.6,39.6,41.2
Namibia,NAM,NA,-22.95764,18.49041,parliament,22.22222222,22.22222222,22.22222222,25,25,25,26.38888889,25,26.92307692,26.92307692,26.92307692,26.92307692,26.92307692,24.35897436,24.35897436,24.35897436,24.35897436,,41.34615385,41.34615385,41.34615385,46.15384615,42.70833333
Nauru,NRU,NR,-0.522778,166.931503,parliament,,0,0,,0,0,,0,0,0,0,0,0,0,0,0,5.263157895,5.263157895,5.263157895,5.263157895,10.52631579,10.52631579,10.52631579
Nepal,NPL,NP,28.394857,84.124008,parliament,3.414634146,3.414634146,5.853658537,5.853658537,5.853658537,5.853658537,5.853658537,5.853658537,5.853658537,5.882352941,17.32522796,33.16498317,33.16498317,33.16498317,33.16498317,33.16498317,,29.48073702,29.54924875,29.57983193,29.57983193,32.72727273,32.72727273
Netherlands,NLD,NL,52.132633,5.291266,parliament,31.33333333,36,36,36,36,34,36.66666667,36.66666667,36.66666667,36.66666667,39.33333333,41.33333333,42,40.66666667,40.66666667,38.66666667,38.66666667,38.66666667,37.33333333,37.33333333,36,36,31.33333333
New Zealand,NZL,NZ,-40.900557,174.885971,parliament,29.16666667,29.16666667,29.16666667,30.83333333,30.83333333,29.16666667,28.33333333,28.33333333,32.23140496,32.23140496,33.05785124,33.60655738,33.60655738,33.60655738,32.23140496,32.23140496,32.23140496,29.75206612,31.40495868,31.40495868,38.33333333,38.33333333,40.83333333
Nicaragua,NIC,NI,12.865416,-85.207229,parliament,10.75268817,10.75268817,9.677419355,9.677419355,,20.65217391,20.65217391,20.65217391,20.65217391,15.2173913,18.47826087,18.47826087,20.65217391,20.65217391,40.2173913,40.2173913,40.2173913,42.39130435,41.30434783,45.65217391,45.65217391,45.65217391,44.56521739
Niger,NER,NE,17.607789,8.081666,parliament,1.204819277,1.204819277,,1.204819277,1.204819277,1.204819277,1.204819277,12.38938053,12.38938053,12.38938053,12.38938053,12.38938053,9.734513274,,13.27433628,13.27433628,13.27433628,13.27433628,13.27433628,14.61988304,16.95906433,16.95906433,16.95906433
Nigeria,NGA,NG,9.081999,8.675277,parliament,,,,3.418803419,3.418803419,3.418803419,4.722222222,4.722222222,6.388888889,6.111111111,6.983240224,6.983240224,6.983240224,6.983240224,6.818181818,6.666666667,6.666666667,6.666666667,5.555555556,5.555555556,5.555555556,5.555555556,3.38028169
North America,NAC,#N/A,#N/A,#N/A,parliament,15.35326087,15.35326087,16.30434783,,16.71195652,16.57608696,16.84782609,17.49663526,17.63122476,18.16958277,18.64864865,19.11170929,18.97711979,18.97711979,20.10796221,20.75471698,20.67567568,21.69811321,22.27979275,22.17898833,22.36671001,25,25.87776333
North Macedonia,MKD,#N/A,#N/A,#N/A,parliament,3.333333333,3.333333333,7.5,6.666666667,6.666666667,17.5,18.33333333,19.16666667,19.16666667,28.33333333,29.16666667,31.66666667,32.5,32.5,30.89430894,32.5203252,34.14634146,33.33333333,33.33333333,33.33333333,37.5,38.33333333,39.16666667
Norway,NOR,NO,60.472024,8.468946,parliament,36.36363636,36.36363636,36.36363636,36.36363636,35.75757576,36.36363636,36.36363636,38.18181818,37.86982249,37.86982249,36.09467456,36.09467456,39.64497041,39.64497041,39.64497041,39.64497041,39.64497041,39.64497041,39.64497041,39.64497041,41.42011834,41.42011834,40.82840237
OECD members,OED,#N/A,#N/A,#N/A,parliament,16.00236197,16.32326465,17.27837946,18.0409042,17.71919068,19.14414414,19.41844254,20.00202655,20.61743101,21.00099108,22.15503569,22.30700624,23.00990099,23.07996833,23.88118812,24.95049505,26.09555841,26.75332527,27.81184039,27.93481541,28.83584505,29.78596908,30.71817732
Other small states,OSS,#N/A,#N/A,#N/A,parliament,8.917197452,8.43373494,9.744408946,10.65292096,10.92783505,12.6062323,13.31147541,13.74631268,14.65567981,13.71145374,14.83547128,15.28023599,15.24141943,15.59953434,16.10465116,17.09451575,17.08749266,17.42839732,18.6139748,19.01012374,18.56216853,19.95249406,20.51847766
Pakistan,PAK,PK,30.375321,69.345116,parliament,2.304147465,2.304147465,,,,21.05263158,21.6374269,21.34502924,21.34502924,21.34502924,21.05263158,22.4852071,22.22222222,22.22222222,22.51461988,22.51461988,20.74303406,20.74303406,20.58823529,20.58823529,20.58823529,20.23460411,20.23460411
Palau,PLW,PW,7.51498,134.58252,parliament,0,0,0,0,0,0,0,0,0,0,0,0,0,0,0,0,0,0,0,12.5,12.5,12.5,12.5
Panama,PAN,PA,8.537981,-80.782127,parliament,9.722222222,9.722222222,,9.85915493,9.85915493,9.85915493,9.85915493,16.66666667,16.66666667,16.66666667,16.66666667,16.66666667,8.450704225,8.450704225,8.450704225,8.450704225,8.450704225,19.29824561,18.30985916,18.30985916,18.30985916,18.30985916,21.12676056
Papua New Guinea,PNG,PG,-6.314993,143.95555,parliament,1.834862385,1.834862385,1.834862385,1.834862385,1.834862385,,0.917431193,0.917431193,0.917431193,0.917431193,0.917431193,0.917431193,0.917431193,0.917431193,0.917431193,2.702702703,2.702702703,2.702702703,2.702702703,2.702702703,0,0,0
Paraguay,PRY,PY,-23.442503,-58.443832,parliament,2.5,,2.5,2.5,2.5,2.5,8.75,10,10,10,10,12.5,12.5,12.5,12.5,12.5,17.5,15,15,15,13.75,15,15
Peru,PER,PE,-9.189967,-75.015152,parliament,10.83333333,10.83333333,10.83333333,,18.33333333,18.33333333,18.33333333,18.33333333,18.33333333,29.16666667,29.16666667,29.16666667,27.5,27.5,21.53846154,21.53846154,21.53846154,22.30769231,22.30769231,27.69230769,27.69230769,27.69230769,30
Philippines,PHL,PH,12.879721,121.774017,parliament,11.05990783,12.44239631,12.44239631,11.26126126,17.75700935,17.75700935,17.75700935,15.25423729,15.25423729,15.25423729,20.50209205,20.50209205,20.97378277,22.14285714,22.88732394,22.88732394,27.33564014,27.33564014,27.24137931,29.79452055,29.4520548,29.4520548,27.96052632
Poland,POL,PL,51.919438,19.145136,parliament,13.04347826,13.04347826,13.04347826,13.04347826,20.2173913,20.2173913,20.2173913,20.2173913,20.43478261,20.43478261,20.43478261,20.2173913,20,20,23.69565217,23.69565217,23.69565217,24.34782609,27.39130435,27.39130435,28.04347826,28.04347826,28.69565217
Portugal,PRT,PT,39.399872,-8.224454,parliament,13.04347826,13.04347826,18.69565217,17.39130435,18.69565217,19.13043478,19.13043478,19.13043478,21.30434783,21.30434783,28.26086957,28.26086957,27.39130435,27.39130435,28.69565217,28.69565217,31.30434783,31.30434783,34.7826087,34.7826087,34.7826087,34.7826087,38.69565217
Post-demographic dividend,PST,#N/A,#N/A,#N/A,parliament,16.88591762,17.94929832,18.23885526,19.41747573,18.95734597,20.12927055,20.72454308,21.67047806,22.03407881,22.77564921,23.65762892,24.31772327,24.73745624,24.85420422,25.31942078,25.93932943,27.47800276,28.12838864,28.56524562,28.56215514,29.57156663,30.427773,31.97249678
Pre-demographic dividend,PRE,#N/A,#N/A,#N/A,parliament,,,,10.0074129,11.28831814,12.82398017,13.08450409,13.68960469,15.28672947,16.09695463,16.6719094,17.21769685,17.41975693,17.19421028,19.53313253,20.1545949,21.25461255,20.93480563,21.84314836,22.14094809,22.29316669,22.04561161,22.01133145
Romania,ROU,RO,45.943161,24.96676,parliament,7.288629738,7.288629738,7.288629738,,10.72463768,10.72463768,10.72463768,11.44578313,11.17824773,11.17824773,9.393939394,11.37724551,11.37724551,11.37724551,11.21212121,13.34951456,13.34951456,13.51351351,13.71571072,13.71571072,20.66869301,20.66869301,21.88449848
Russian Federation,RUS,#N/A,#N/A,#N/A,parliament,10.22222222,10.22222222,,7.709750567,7.572383073,7.572383073,7.572383073,9.843400447,9.843400447,9.843400447,14,14,14,14,13.55555556,13.55555556,13.55555556,13.55555556,13.55555556,12.66666667,15.77777778,15.77777778,15.77777778
Rwanda,RWA,RW,-1.940278,29.873888,parliament,17.14285714,17.14285714,17.14285714,25.71428571,25.67567568,25.67567568,48.75,48.75,48.75,48.75,48.75,56.25,56.25,56.25,56.25,56.25,63.75,63.75,63.75,63.75,61.25,61.25,61.25
Samoa,WSM,WS,-13.759029,-172.104629,parliament,4.081632653,4.081632653,8.163265306,8.163265306,6.12244898,6.12244898,6.12244898,6.12244898,6.12244898,6.12244898,8.163265306,8.163265306,8.163265306,8.163265306,4.081632653,4.081632653,4.081632653,6.12244898,6.12244898,10,10,10,10
San Marino,SMR,SM,43.94236,12.457777,parliament,11.66666667,13.33333333,13.33333333,13.33333333,16.66666667,16.66666667,16.66666667,16.66666667,16.66666667,11.66666667,11.66666667,15,16.66666667,16.66666667,18.33333333,16.66666667,18.33333333,18.33333333,16.66666667,23.33333333,26.66666667,26.66666667,25
Sao Tome and Principe,STP,#N/A,#N/A,#N/A,parliament,7.272727273,7.272727273,9.090909091,9.090909091,9.090909091,,9.090909091,9.090909091,9.090909091,7.272727273,1.818181818,7.272727273,7.272727273,18.18181818,18.18181818,18.18181818,18.18181818,18.18181818,18.18181818,18.18181818,18.18181818,14.54545455,14.54545455
Senegal,SEN,SN,14.497401,-14.452362,parliament,11.66666667,12.14285714,12.14285714,12.14285714,16.66666667,19.16666667,19.16666667,19.16666667,19.16666667,19.16666667,22,22,22.66666667,22.66666667,22.66666667,42.66666667,42.66666667,43.33333333,42.66666667,42.66666667,41.81818182,41.81818182,41.81818182
Seychelles,SYC,SC,-4.679574,55.491977,parliament,27.27272727,23.52941177,23.52941177,23.52941177,23.52941177,29.41176471,29.41176471,29.41176471,29.41176471,29.41176471,23.52941177,23.52941177,23.52941177,23.52941177,43.75,43.75,43.75,43.75,43.75,21.21212121,21.21212121,21.21212121,21.21212121
Sierra Leone,SLE,SL,8.460555,-11.779889,parliament,,,8.75,8.75,8.75,,14.51612903,14.51612903,14.51612903,14.51612903,13.2231405,13.2231405,13.2231405,13.2231405,12.90322581,12.39669422,12.39669422,12.09677419,12.39669422,12.39669422,12.39669422,12.32876712,12.32876712
Singapore,SGP,SG,1.352083,103.819836,parliament,4.761904762,4.761904762,4.301075269,4.301075269,11.76470588,11.76470588,15.95744681,15.95744681,15.95744681,21.17647059,24.46808511,24.46808511,23.40425532,23.40425532,22.22222222,24.24242424,24.24242424,25.25252525,23.91304348,23.76237624,23,23,23
Slovak Republic,SVK,#N/A,#N/A,#N/A,parliament,14.66666667,14.66666667,12.66666667,14,14,17.33333333,19.33333333,16.66666667,16.66666667,20,19.33333333,19.33333333,18,15.33333333,16,18.66666667,18.66666667,18.66666667,18.66666667,20,20,20,20
Slovenia,SVN,SI,46.151241,14.995463,parliament,7.777777778,7.777777778,7.777777778,,12.22222222,12.22222222,12.22222222,12.22222222,12.22222222,12.22222222,12.22222222,13.33333333,14.44444444,14.44444444,32.22222222,32.22222222,32.22222222,35.55555556,36.66666667,36.66666667,36.66666667,24.44444444,27.77777778
Small states,SST,#N/A,#N/A,#N/A,parliament,8.665338645,8.152686145,9.547993906,9.898107715,10.34798535,11.64908917,12.28683865,12.87246722,13.53174603,12.99610895,13.91712275,14.07137064,14.03297145,13.89448248,14.38328646,15.12096774,15.30364372,15.48492257,16.93989071,17.4566474,17.37574553,18.49780264,19.06570452
Solomon Islands,SLB,SB,-9.64571,160.156194,parliament,,2.040816327,2.040816327,2.040816327,,0,0,0,0,0,0,0,0,0,0,2,2,2,2,2,2,2.040816327,4.081632653
South Africa,ZAF,ZA,-30.559482,22.937506,parliament,25,28.75,30,29.8245614,29.8245614,29.8245614,29.8245614,32.77870216,32.75,32.75,33,33,44.5,44.5,42.25,42.25,42.25,41.5,42,42,41.83673469,42.7480916,46.34760705
South Asia,SAS,#N/A,#N/A,#N/A,parliament,5.755813954,6.05355064,7.010309278,8.444096951,8.122362869,9.090909091,9.201101928,9.015942826,13.27643433,12.8436019,14.2629058,18.44244758,20.04950495,20.04950495,20.33758749,20.33758749,15.74889868,19.23872569,19.31911403,19.39194741,19.3999178,17.10455764,18.95734597
South Asia (IDA & IBRD),TSA,#N/A,#N/A,#N/A,parliament,5.755813954,6.05355064,7.010309278,8.444096951,8.122362869,9.090909091,9.201101928,9.015942826,13.27643433,12.8436019,14.2629058,18.44244758,20.04950495,20.04950495,20.33758749,20.33758749,15.74889868,19.23872569,19.31911403,19.39194741,19.3999178,17.10455764,18.95734597
Spain,ESP,ES,40.463667,-3.74922,parliament,24.71264368,24.71264368,21.55172414,28.28571429,28.28571429,28.28571429,28.28571429,36,36,36,36.57142857,36.28571429,36.57142857,36.57142857,36,36,36,39.71428571,41.14285714,39.14285714,39.14285714,39.14285714,44
Sri Lanka,LKA,LK,7.873054,80.771797,parliament,5.333333333,5.333333333,4.888888889,,,4.444444444,4.444444444,4.888888889,4.888888889,4.888888889,5.777777778,5.777777778,5.777777778,5.333333333,5.777777778,5.777777778,5.777777778,5.777777778,4.888888889,5.777777778,5.777777778,5.777777778,5.333333333
St. Kitts and Nevis,KNA,#N/A,#N/A,#N/A,parliament,13.33333333,13.33333333,13.33333333,13.33333333,13.33333333,13.33333333,13.33333333,0,0,0,6.666666667,6.666666667,6.666666667,6.666666667,6.666666667,6.666666667,6.666666667,6.666666667,13.33333333,13.33333333,13.33333333,13.33333333,13.33333333
St. Lucia,LCA,#N/A,#N/A,#N/A,parliament,11.76470588,11.76470588,11.11111111,11.11111111,,11.11111111,11.11111111,11.11111111,11.11111111,0,11.11111111,11.11111111,11.11111111,11.11111111,16.66666667,16.66666667,16.66666667,16.66666667,16.66666667,16.66666667,16.66666667,16.66666667,16.66666667
St. Vincent and the Grenadines,VCT,#N/A,#N/A,#N/A,parliament,9.523809524,,4.761904762,4.761904762,,22.72727273,22.72727273,22.72727273,18.18181818,18.18181818,18.18181818,18.18181818,21.73913044,14.28571429,17.39130435,17.39130435,13.04347826,13.04347826,13.04347826,13.04347826,13.04347826,13.04347826,13.04347826
Sub-Saharan Africa,SSF,#N/A,#N/A,#N/A,parliament,10.20689655,10.91954023,,11.58536585,12.2828406,13.4667115,13.70883624,14.73546702,16.23701424,16.63920923,17.30646601,17.80084583,18.46405229,18.73716632,20.53516632,21.37580235,22.45702006,22.15804351,23.63699103,23.81006865,24.01693216,24.07428,24.07811603
Sub-Saharan Africa (excluding high income),SSA,#N/A,#N/A,#N/A,parliament,10.13857218,10.88376891,,11.58625731,12.29482812,13.46680356,13.71272892,14.75301285,16.17054465,16.57891357,17.28059972,17.78153007,18.4538971,18.71504747,20.45737012,21.30946542,22.40483384,22.10054754,23.65879204,23.91757351,24.12394366,24.18175683,24.12229714
Sub-Saharan Africa (IDA & IBRD countries),TSS,#N/A,#N/A,#N/A,parliament,10.20689655,10.91954023,,11.58536585,12.2828406,13.4667115,13.70883624,14.73546702,16.23701424,16.63920923,17.30646601,17.80084583,18.46405229,18.73716632,20.53516632,21.37580235,22.45702006,22.15804351,23.63699103,23.81006865,24.01693216,24.07428,24.07811603
Sudan,SDN,SD,12.862807,30.217636,parliament,5.25,5.25,,,9.722222222,9.722222222,9.722222222,9.722222222,14.66666667,17.77777778,18.05869075,18.05869075,18.91891892,25.56053812,24.57627119,24.57627119,24.57627119,24.29378531,30.51643193,30.51643193,30.51643193,30.51643193,
Suriname,SUR,SR,3.919305,-56.027783,parliament,15.68627451,15.68627451,15.68627451,,17.64705882,17.64705882,17.64705882,19.60784314,25.49019608,25.49019608,25.49019608,25.49019608,25.49019608,9.803921569,11.76470588,11.76470588,11.76470588,11.76470588,25.49019608,25.49019608,25.49019608,25.49019608,31.37254902
Sweden,SWE,SE,60.128161,18.643501,parliament,40.40114613,40.40114613,42.69340974,42.69340974,42.69340974,44.98567335,45.2722063,45.2722063,45.2722063,47.27793696,46.99140401,46.99140401,46.41833811,44.98567335,44.6991404,44.6991404,44.98567335,44.6991404,43.5530086,43.5530086,43.5530086,46.13180516,47.27793696
Switzerland,CHE,CH,46.818188,8.227512,parliament,21,21,22.5,23,23,23,25,25,25,25,28.5,28.5,29,29,28.5,29,31,31,32,32,32.5,32.5,41.5
Syrian Arab Republic,SYR,#N/A,#N/A,#N/A,parliament,9.6,9.6,10.4,10.4,10.4,10.4,12,12,12,12,12,12.4,12.4,12.4,12.4,12,12,12,12.4,13.2,13.2,13.2,13.2
Tajikistan,TJK,TJ,38.861034,71.276093,parliament,2.762430939,2.762430939,2.762430939,15,12.6984127,12.6984127,12.6984127,12.6984127,17.46031746,17.46031746,17.46031746,17.46031746,17.46031746,19.04761905,19.04761905,19.04761905,19.04761905,16.94915254,19.04761905,19.04761905,19.04761905,19.04761905,19.04761905
Tanzania,TZA,TZ,-6.369028,34.888822,parliament,17.45454545,17.45454545,16.36363636,,22.26277372,22.26277372,21.3559322,21.3559322,30.40752351,30.40752351,30.40752351,30.40752351,30.6501548,,36,36,36,36,36,36.55913978,37.17948718,37.17948718,36.8956743
Thailand,THA,TH,15.870032,100.992541,parliament,5.597964377,5.597964377,5.597964377,4.812834225,9.2,9.2,9.2,8.830022075,10.6,8.67768595,11.74004193,11.66666667,13.3192389,13.3192389,15.8,15.8,15.8,6.091370558,6.091370558,6.091370558,4.8,5.284552845,16.2
Togo,TGO,TG,8.619543,0.824782,parliament,1.234567901,1.234567901,,4.938271605,4.938271605,4.938271605,7.407407407,6.172839506,7.407407407,8.641975309,11.11111111,11.11111111,11.11111111,11.11111111,11.11111111,11.11111111,15.38461539,17.58241758,17.58241758,17.58241758,17.58241758,17.58241758,16.48351648
Tonga,TON,TO,-21.178986,-175.198242,parliament,0,0,,0,0,,0,0,3.448275862,3.333333333,3.333333333,3.125,3.125,0,3.571428571,3.571428571,3.571428571,0,0,0,7.692307692,7.407407407,7.407407407
Trinidad and Tobago,TTO,TT,10.691803,-61.222503,parliament,11.11111111,11.11111111,11.11111111,,11.11111111,19.44444444,19.44444444,19.44444444,19.44444444,19.44444444,26.82926829,26.82926829,26.82926829,28.57142857,28.57142857,28.57142857,28.57142857,28.57142857,30.95238095,30.95238095,30.95238095,30.95238095,30.95238095
Tunisia,TUN,TN,33.886917,9.537499,parliament,6.748466258,7.36196319,11.53846154,11.53846154,11.53846154,11.53846154,11.53846154,22.75132275,22.75132275,22.75132275,22.75132275,22.75132275,27.57009346,27.57009346,26.7281106,26.7281106,26.7281106,31.33640553,31.33640553,31.33640553,31.33640553,31.33640553,22.58064516
Turkey,TUR,TR,38.963745,35.243322,parliament,2.363636364,2.363636364,4.181818182,4.181818182,4.181818182,,4.363636364,4.363636364,4.363636364,4.363636364,9.107468124,9.107468124,9.107468124,9.107468124,14.18181818,14.18181818,14.41605839,14.41605839,14.90909091,14.90909091,14.571949,17.44966443,17.44966443
Turkmenistan,TKM,TM,38.969719,59.556278,parliament,18,18,,26,26,26,26,,16,16,16,,16.8,16.8,16.8,16.8,16.8,26.4,25.80645161,25.80645161,25.80645161,24.8,25
Tuvalu,TUV,TV,-7.109535,177.64933,parliament,8.333333333,,0,0,0,,0,0,0,0,0,0,0,0,6.666666667,6.666666667,6.666666667,6.666666667,6.666666667,6.666666667,6.666666667,6.666666667,6.25
Uganda,UGA,UG,1.373333,32.290275,parliament,18.11594203,18.11594203,17.92114695,17.79359431,24.67105263,24.67105263,24.67105263,23.93442623,23.93442623,29.81927711,30.72289157,30.72289157,31.48148148,31.28834356,34.97409326,34.97409326,34.97409326,34.97409326,34.97409326,33.48946136,34.29844098,34.29844098,34.8583878
Ukraine,UKR,UA,48.379433,31.16558,parliament,3.777777778,,7.777777778,7.777777778,7.777777778,,5.333333333,5.333333333,5.333333333,8.666666667,8.222222222,8.222222222,8,8,8,9.438202247,9.438202247,11.66666667,12.08530806,12.01923077,12.29314421,12.29314421,20.51886793
United Arab Emirates,ARE,AE,23.424076,53.847818,parliament,0,0,0,0,0,0,0,0,0,5,22.5,22.5,22.5,22.5,17.5,17.5,17.5,17.5,22.5,22.5,22.5,22.5,50
United Kingdom,GBR,GB,55.378051,-3.435973,parliament,18.20940819,18.20940819,18.36115326,18.36115326,17.90591806,17.90591806,17.90591806,18.05766313,19.65944272,19.65944272,19.50464396,19.50464396,19.50464396,22,22.30769231,22.46153846,22.46153846,22.61538461,29.38461539,29.58397535,32,32.15384615,32
United States,USA,US,37.09024,-95.712891,parliament,11.72413793,11.72413793,13.33333333,,14.02298851,13.79310345,14.25287356,14.94252874,15.17241379,16.32183908,16.78160919,17.01149425,16.78160919,16.78160919,16.8202765,17.97235023,17.82407407,19.31034483,19.35483871,19.16859122,19.35483871,23.50230415,23.43387471
Upper middle income,UMC,#N/A,#N/A,#N/A,parliament,,14.81340803,15.27415144,14.59050899,14.64614264,15.93537903,15.95888558,16.9817989,16.24195839,17.0209219,17.98285014,18.50662715,19.46226952,19.48440278,20.18464121,21.02136787,21.9652231,22.14827296,22.47989047,23.21742773,23.91469916,25.11131648,25.44316149
Uruguay,URY,UY,-32.522779,-55.765835,parliament,7.070707071,7.070707071,12.12121212,12.12121212,12.12121212,12.12121212,12.12121212,12.12121212,11.11111111,11.11111111,12.12121212,12.12121212,14.14141414,15.15151515,12.12121212,12.12121212,12.12121212,13.13131313,16.16161616,16.16161616,20.2020202,20.2020202,19.19191919
Uzbekistan,UZB,UZ,41.377491,64.585262,parliament,6,6,,7.2,7.2,7.2,7.2,17.5,17.5,17.5,17.5,17.5,22,22,22,22,22,22,16,16,16,16,16
Vanuatu,VUT,VU,-15.376706,166.959158,parliament,,,0,0,0,1.923076923,1.923076923,3.846153846,3.846153846,3.846153846,3.846153846,3.846153846,3.846153846,3.846153846,1.923076923,0,0,0,0,0,0,0,0
"Venezuela, RB",VEN,#N/A,#N/A,#N/A,parliament,5.911330049,5.911330049,12.13592233,,9.696969697,9.696969697,9.696969697,9.696969697,17.36526946,17.96407186,18.56287425,18.56287425,17.46987952,16.96969697,16.96969697,16.96969697,16.96969697,16.96969697,16.96969697,14.37125749,22.15568862,22.15568862,22.15568862
Vietnam,VNM,VN,14.058324,108.277199,parliament,26.22222222,26.22222222,26,26,26,27.30923695,27.30923695,27.30923695,27.30923695,27.30923695,25.76064909,25.76064909,25.76064909,25.76064909,24.4,24.4,24.4,24.29718876,24.29718876,26.72064777,26.72064777,26.72064777,26.72064777
World,WLD,#N/A,#N/A,#N/A,parliament,11.69217106,13.07082223,13.52010547,13.90443953,14.09070087,15.19744591,15.17920722,15.89700057,16.47454501,16.96966423,17.8692023,18.44275463,19.02508657,19.15703782,19.82776673,20.7552043,21.77744744,22.18829652,22.84929916,23.09136743,23.59033667,24.09787827,24.63660369
"Yemen, Rep.",YEM,#N/A,#N/A,#N/A,parliament,,0.664451827,0.664451827,0.664451827,0.668896321,0.668896321,0.332225914,0.332225914,0.332225914,0.332225914,0.332225914,0.332225914,0.332225914,0.332225914,0.332225914,0.332225914,0.332225914,0.332225914,0,0,0,0,0.332225914
Zambia,ZMB,ZM,-13.133897,27.849332,parliament,9.677419355,10.25641026,10.12658228,10.12658228,10.12658228,12.02531646,12.02531646,12.02531646,12.65822785,14.64968153,15.18987342,15.18987342,14.01273885,14.01273885,11.46496815,11.46496815,11.46496815,10.75949367,12.65822785,17.96407186,17.96407186,17.96407186,17.96407186
Zimbabwe,ZWE,ZW,-19.015438,29.154857,parliament,14.66666667,14.66666667,14,9.333333333,10,10,10,10,16,16.66666667,16,15.23809524,14.95327103,14.95327103,14.95327103,14.95327103,31.48148148,31.48148148,31.48148148,31.48148148,32.57575758,31.48148148,31.85185185